nr;e;o;x
1;8333.5;8316;0.03675
2;8333.5;8397;0.48386
3;8333.5;8501;3.36668
4;8333.5;8247;0.89785
5;8333.5;8218;1.60080
6;8333.5;8321;0.01875