nr;e;o;x
1;8333.5;8351;0.036749
2;8333.5;8388;0.356423
3;8333.5;8340;0.005070
4;8333.5;8350;0.032669
5;8333.5;8250;0.836653
6;8333.5;8322;0.015870