nr;e;o;x
1;8333.33;8577;7.12477
2;8333.33;8321;0.0182553
3;8333.33;8201;2.10147
4;8333.33;8370;0.161328
5;8333.33;8237;1.11363
6;8333.33;8294;0.185659